{"objects":[{"idx":"PromptClip","type":"Toggle","value":true},{"idx":"InfCrucifix","type":"Toggle","value":false},{"idx":"ObjectiveESP","type":"Toggle","value":true},{"idx":"DoorESP","type":"Toggle","value":true},{"idx":"ESPDistance","type":"Toggle","value":true},{"idx":"TplayAddon_NoAnimation","type":"Toggle","value":false},{"idx":"HidingSpotESP","type":"Toggle","value":false},{"idx":"AntiSnare","type":"Toggle","value":true},{"idx":"EntityESP","type":"Toggle","value":true},{"idx":"NoJammin","type":"Toggle","value":false},{"idx":"GoldESP","type":"Toggle","value":true},{"idx":"ShowCustomCursor","type":"Toggle","value":false},{"idx":"NoFog","type":"Toggle","value":true},{"idx":"TplayAddon_Stun","type":"Toggle","value":false},{"idx":"Fullbright","type":"Toggle","value":true},{"idx":"AutoWardrobe","type":"Toggle","value":false},{"idx":"ExecuteOnTeleport","type":"Toggle","value":true},{"idx":"NoCamShake","type":"Toggle","value":false},{"idx":"AutoWardrobeNotif","type":"Toggle","value":false},{"idx":"FunItems_DisableStatic","type":"Toggle","value":false},{"idx":"AntiA90","type":"Toggle","value":false},{"idx":"NotifyOxygen","type":"Toggle","value":true},{"idx":"AutoInteract","type":"Toggle","value":true},{"idx":"AvoidRushAmbush","type":"Toggle","value":false},{"idx":"FakeRevive","type":"Toggle","value":false},{"idx":"TranslucentHidingSpot","type":"Toggle","value":true},{"idx":"InstaInteract","type":"Toggle","value":true},{"idx":"Noclip","type":"Toggle","value":false},{"idx":"AutoLibrarySolver","type":"Toggle","value":true},{"idx":"NoAccel","type":"Toggle","value":false},{"idx":"FastClosetExit","type":"Toggle","value":true},{"idx":"NoCutscenes","type":"Toggle","value":false},{"idx":"ESPRainbow","type":"Toggle","value":false},{"idx":"NotifySound","type":"Toggle","value":true},{"idx":"AntiEyes","type":"Toggle","value":true},{"idx":"AntiScreech","type":"Toggle","value":true},{"idx":"NotifyChat","type":"Toggle","value":true},{"idx":"NotifyPadlock","type":"Toggle","value":true},{"idx":"GuidingLightESP","type":"Toggle","value":true},{"idx":"AutoBreakerSolver","type":"Toggle","value":true},{"idx":"DeleteSeek","type":"Toggle","value":true},{"idx":"AntiLag","type":"Toggle","value":false},{"idx":"Fly","type":"Toggle","value":false},{"idx":"ThirdPerson","type":"Toggle","value":false},{"idx":"PlayerESP","type":"Toggle","value":true},{"idx":"AntiDupe","type":"Toggle","value":true},{"idx":"ESPTracer","type":"Toggle","value":true},{"idx":"ChestESP","type":"Toggle","value":true},{"idx":"ItemESP","type":"Toggle","value":true},{"idx":"InfItems","type":"Toggle","value":true},{"idx":"AutoHeartbeat","type":"Toggle","value":false},{"idx":"AntiHalt","type":"Toggle","value":true},{"idx":"SpamOtherTools","type":"Toggle","value":false},{"idx":"EnableJump","type":"Toggle","value":false},{"idx":"KeybindMenuOpen","type":"Toggle","value":true},{"idx":"UpsideDown","type":"Toggle","value":false},{"idx":"DoorReach","type":"Toggle","value":true},{"idx":"AntiSeekObstructions","type":"Toggle","value":true},{"idx":"SpeedBypass","type":"Toggle","value":true},{"idx":"LagbackDetection","type":"Toggle","value":false},{"idx":"AntiHearing","type":"Toggle","value":true},{"idx":"ESPHighlight","type":"Toggle","value":true},{"idx":"HidingSpotEspColor","type":"ColorPicker","transparency":0,"value":"008000"},{"idx":"ObjectiveEspColor","type":"ColorPicker","transparency":0,"value":"00ff00"},{"idx":"MenuKeybind","type":"KeyPicker","key":"RightShift","mode":"Toggle"},{"idx":"FlySpeed","type":"Slider","value":"45.3"},{"idx":"ItemEspColor","type":"ColorPicker","transparency":0,"value":"ff00ff"},{"idx":"NotifyEntity","type":"Dropdown","mutli":true,"value":{"Ambush":true,"Rush":true}},{"idx":"ChestEspColor","type":"ColorPicker","transparency":0,"value":"ffff00"},{"idx":"NoclipKey","type":"KeyPicker","key":"G","mode":"Toggle"},{"idx":"PromptReachMultiplier","type":"Slider","value":"2"},{"idx":"ESPFillTransparency","type":"Slider","value":"0.75"},{"idx":"EntityEspColor","type":"ColorPicker","transparency":0,"value":"ff0000"},{"idx":"FunItems_ScannerFPS","type":"Input","text":"30"},{"idx":"ThirdPersonKey","type":"KeyPicker","key":"T","mode":"Toggle"},{"idx":"NotifySide","type":"Dropdown","mutli":false,"value":"Right"},{"idx":"SpeedBypassMethod","type":"Dropdown","mutli":false,"value":"Massless"},{"idx":"AutoLibraryDistance","type":"Slider","value":"40"},{"idx":"ESPTextSize","type":"Slider","value":"22"},{"idx":"AutoBreakerSolverMethod","type":"Dropdown","mutli":false,"value":"Exploit"},{"idx":"FlyKey","type":"KeyPicker","key":"F","mode":"Toggle"},{"idx":"SpeedBypassDelay","type":"Slider","value":"0.22"},{"idx":"Brightness","type":"Slider","value":"3"},{"idx":"PlayerEspColor","type":"ColorPicker","transparency":0,"value":"ffffff"},{"idx":"AutoInteractKey","type":"KeyPicker","key":"R","mode":"Hold"},{"idx":"NotifyStyle","type":"Dropdown","mutli":false,"value":"Doors"},{"idx":"HidingTransparency","type":"Slider","value":"1"},{"idx":"DoorEspColor","type":"ColorPicker","transparency":0,"value":"00ffff"},{"idx":"VelocityLimiter","type":"Slider","value":"25"},{"idx":"SpamOtherTools","type":"KeyPicker","key":"X","mode":"Hold"},{"idx":"ESPTracerStart","type":"Dropdown","mutli":false,"value":"Bottom"},{"idx":"FOV","type":"Slider","value":"90"},{"idx":"AutoWardrobeKey","type":"KeyPicker","key":"Q","mode":"Toggle"},{"idx":"GoldEspColor","type":"ColorPicker","transparency":0,"value":"ffff00"},{"idx":"ESPOutlineTransparency","type":"Slider","value":"0"},{"idx":"SpeedSlider","type":"Slider","value":"25.2"},{"idx":"GuidingLightEspColor","type":"ColorPicker","transparency":0,"value":"0080ff"}]}