{"objects":[{"idx":"PromptClip","type":"Toggle","value":true},{"idx":"InfCrucifix","type":"Toggle","value":false},{"idx":"ObjectiveESP","type":"Toggle","value":true},{"idx":"DoorESP","type":"Toggle","value":true},{"idx":"ESPDistance","type":"Toggle","value":true},{"idx":"HidingSpotESP","type":"Toggle","value":true},{"idx":"FakeRevive","type":"Toggle","value":false},{"idx":"TplayAddon_NoAnimation","type":"Toggle","value":false},{"idx":"ShowCustomCursor","type":"Toggle","value":false},{"idx":"GoldESP","type":"Toggle","value":true},{"idx":"ExecuteOnTeleport","type":"Toggle","value":true},{"idx":"NoFog","type":"Toggle","value":false},{"idx":"TplayAddon_Stun","type":"Toggle","value":false},{"idx":"Fullbright","type":"Toggle","value":true},{"idx":"AntiDupe","type":"Toggle","value":true},{"idx":"EntityESP","type":"Toggle","value":true},{"idx":"NoCamShake","type":"Toggle","value":true},{"idx":"AutoWardrobeNotif","type":"Toggle","value":false},{"idx":"FunItems_DisableStatic","type":"Toggle","value":false},{"idx":"ShowAutoRoomsPathNodes","type":"Toggle","value":true},{"idx":"NotifyOxygen","type":"Toggle","value":true},{"idx":"AutoInteract","type":"Toggle","value":true},{"idx":"AntiLag","type":"Toggle","value":false},{"idx":"AutoRooms","type":"Toggle","value":true},{"idx":"AntiA90","type":"Toggle","value":true},{"idx":"InstaInteract","type":"Toggle","value":true},{"idx":"Noclip","type":"Toggle","value":false},{"idx":"NotifySound","type":"Toggle","value":true},{"idx":"NoAccel","type":"Toggle","value":false},{"idx":"FastClosetExit","type":"Toggle","value":true},{"idx":"TranslucentHidingSpot","type":"Toggle","value":true},{"idx":"NoCutscenes","type":"Toggle","value":false},{"idx":"ESPRainbow","type":"Toggle","value":false},{"idx":"AntiEyes","type":"Toggle","value":true},{"idx":"AntiScreech","type":"Toggle","value":true},{"idx":"NotifyChat","type":"Toggle","value":true},{"idx":"NotifyHideTime","type":"Toggle","value":false},{"idx":"GuidingLightESP","type":"Toggle","value":true},{"idx":"NotifyPadlock","type":"Toggle","value":true},{"idx":"DeleteSeek","type":"Toggle","value":false},{"idx":"AutoRoomsDebug","type":"Toggle","value":false},{"idx":"Fly","type":"Toggle","value":false},{"idx":"ThirdPerson","type":"Toggle","value":true},{"idx":"InfItems","type":"Toggle","value":true},{"idx":"AutoWardrobe","type":"Toggle","value":false},{"idx":"ESPTracer","type":"Toggle","value":true},{"idx":"PlayerESP","type":"Toggle","value":true},{"idx":"ItemESP","type":"Toggle","value":true},{"idx":"ChestESP","type":"Toggle","value":true},{"idx":"AutoHeartbeat","type":"Toggle","value":true},{"idx":"AntiHalt","type":"Toggle","value":true},{"idx":"SpamOtherTools","type":"Toggle","value":false},{"idx":"EnableJump","type":"Toggle","value":false},{"idx":"KeybindMenuOpen","type":"Toggle","value":true},{"idx":"UpsideDown","type":"Toggle","value":false},{"idx":"DoorReach","type":"Toggle","value":true},{"idx":"AntiSnare","type":"Toggle","value":true},{"idx":"SpeedBypass","type":"Toggle","value":true},{"idx":"LagbackDetection","type":"Toggle","value":false},{"idx":"AntiHearing","type":"Toggle","value":true},{"idx":"ESPHighlight","type":"Toggle","value":true},{"idx":"HidingSpotEspColor","type":"ColorPicker","transparency":0,"value":"008000"},{"idx":"ObjectiveEspColor","type":"ColorPicker","transparency":0,"value":"00ff00"},{"idx":"MenuKeybind","type":"KeyPicker","key":"RightShift","mode":"Toggle"},{"idx":"FlySpeed","type":"Slider","value":"15"},{"idx":"ItemEspColor","type":"ColorPicker","transparency":0,"value":"ff00ff"},{"idx":"NotifyEntity","type":"Dropdown","mutli":true,"value":{"Ambush":true,"Rush":true}},{"idx":"ChestEspColor","type":"ColorPicker","transparency":0,"value":"ffff00"},{"idx":"NoclipKey","type":"KeyPicker","key":"N","mode":"Toggle"},{"idx":"PromptReachMultiplier","type":"Slider","value":"2"},{"idx":"ESPFillTransparency","type":"Slider","value":"0.75"},{"idx":"EntityEspColor","type":"ColorPicker","transparency":0,"value":"ff0000"},{"idx":"ThirdPersonKey","type":"KeyPicker","key":"V","mode":"Toggle"},{"idx":"AutoWardrobeKey","type":"KeyPicker","key":"Q","mode":"Toggle"},{"idx":"SpeedBypassMethod","type":"Dropdown","mutli":false,"value":"Massless"},{"idx":"ESPTextSize","type":"Slider","value":"22"},{"idx":"FunItems_ScannerFPS","type":"Input","text":"30"},{"idx":"FlyKey","type":"KeyPicker","key":"F","mode":"Toggle"},{"idx":"SpeedBypassDelay","type":"Slider","value":"0.2"},{"idx":"Brightness","type":"Slider","value":"3"},{"idx":"PlayerEspColor","type":"ColorPicker","transparency":0,"value":"ffffff"},{"idx":"GuidingLightEspColor","type":"ColorPicker","transparency":0,"value":"0080ff"},{"idx":"NotifyStyle","type":"Dropdown","mutli":false,"value":"Linoria"},{"idx":"HidingTransparency","type":"Slider","value":"0.5"},{"idx":"DoorEspColor","type":"ColorPicker","transparency":0,"value":"00ffff"},{"idx":"VelocityLimiter","type":"Slider","value":"25"},{"idx":"SpamOtherTools","type":"KeyPicker","key":"X","mode":"Hold"},{"idx":"AutoInteractKey","type":"KeyPicker","key":"R","mode":"Toggle"},{"idx":"FOV","type":"Slider","value":"120"},{"idx":"ESPTracerStart","type":"Dropdown","mutli":false,"value":"Bottom"},{"idx":"GoldEspColor","type":"ColorPicker","transparency":0,"value":"ffff00"},{"idx":"NotifySide","type":"Dropdown","mutli":false,"value":"Left"},{"idx":"ESPOutlineTransparency","type":"Slider","value":"0"},{"idx":"SpeedSlider","type":"Slider","value":"23.1"}]}