{"objects":[{"idx":"ESPArrow","type":"Toggle","value":true},{"idx":"NoGlitchEffect","type":"Toggle","value":true},{"idx":"InfItems","type":"Toggle","value":true},{"idx":"ESPDistance","type":"Toggle","value":true},{"idx":"sososomuchmorphssss_FigureSGE","type":"Toggle","value":false},{"idx":"FakeRevive","type":"Toggle","value":false},{"idx":"AntiGloomEgg","type":"Toggle","value":true},{"idx":"MinecartPathVisualiser","type":"Toggle","value":true},{"idx":"GoldESP","type":"Toggle","value":true},{"idx":"NoFog","type":"Toggle","value":true},{"idx":"TplayAddon_Stun","type":"Toggle","value":false},{"idx":"AutoWardrobe","type":"Toggle","value":false},{"idx":"AutoWardrobeNotif","type":"Toggle","value":false},{"idx":"NotifyOxygen","type":"Toggle","value":true},{"idx":"AutoInteract","type":"Toggle","value":true},{"idx":"AntiDread","type":"Toggle","value":true},{"idx":"InstaInteract","type":"Toggle","value":true},{"idx":"TplayAddon_NoAnimation","type":"Toggle","value":false},{"idx":"NotifySound","type":"Toggle","value":true},{"idx":"NoAccel","type":"Toggle","value":false},{"idx":"FastClosetExit","type":"Toggle","value":true},{"idx":"MinecartTeleportDebug","type":"Toggle","value":false},{"idx":"AntiEyes","type":"Toggle","value":true},{"idx":"Fly","type":"Toggle","value":false},{"idx":"ThirdPerson","type":"Toggle","value":false},{"idx":"ESPTracer","type":"Toggle","value":true},{"idx":"ItemESP","type":"Toggle","value":true},{"idx":"AutoHeartbeat","type":"Toggle","value":false},{"idx":"AntiHalt","type":"Toggle","value":true},{"idx":"SpamOtherTools","type":"Toggle","value":false},{"idx":"UpsideDown","type":"Toggle","value":false},{"idx":"AntiBridgeFall","type":"Toggle","value":true},{"idx":"ESPRainbow","type":"Toggle","value":false},{"idx":"TranslucentHidingSpot","type":"Toggle","value":true},{"idx":"TplayAddon_NoWardrobeVignette","type":"Toggle","value":false},{"idx":"EntityESP","type":"Toggle","value":true},{"idx":"HidingSpotESP","type":"Toggle","value":false},{"idx":"AntiSnare","type":"Toggle","value":true},{"idx":"NoCamBob","type":"Toggle","value":false},{"idx":"Fullbright","type":"Toggle","value":true},{"idx":"EnableJump","type":"Toggle","value":true},{"idx":"AntiGiggle","type":"Toggle","value":true},{"idx":"NoCamShake","type":"Toggle","value":false},{"idx":"SpeedrunTimer_Timer","type":"Toggle","value":true},{"idx":"Noclip","type":"Toggle","value":true},{"idx":"TplayAddon_NoDarkSound","type":"Toggle","value":false},{"idx":"TplayAddon_ThinkingAnimation","type":"Toggle","value":false},{"idx":"ShowCustomCursor","type":"Toggle","value":false},{"idx":"NoCutscenes","type":"Toggle","value":false},{"idx":"AntiScreech","type":"Toggle","value":true},{"idx":"ExecuteOnTeleport","type":"Toggle","value":true},{"idx":"AntiSeekFlood","type":"Toggle","value":true},{"idx":"GuidingLightESP","type":"Toggle","value":true},{"idx":"PromptClip","type":"Toggle","value":true},{"idx":"DeleteSeek","type":"Toggle","value":true},{"idx":"InfCrucifix","type":"Toggle","value":false},{"idx":"NotifyChat","type":"Toggle","value":true},{"idx":"ObjectiveESP","type":"Toggle","value":true},{"idx":"MinecartTeleport","type":"Toggle","value":true},{"idx":"DoorESP","type":"Toggle","value":true},{"idx":"EnableSpeedHack","type":"Toggle","value":true},{"idx":"TheMinesAnticheatBypass","type":"Toggle","value":true},{"idx":"AntiDupe","type":"Toggle","value":true},{"idx":"NoSpiderJumpscare","type":"Toggle","value":true},{"idx":"AutoAnchorSolver","type":"Toggle","value":true},{"idx":"NotifyPadlock","type":"Toggle","value":true},{"idx":"ChestESP","type":"Toggle","value":true},{"idx":"NoVoidEffect","type":"Toggle","value":true},{"idx":"KeybindMenuOpen","type":"Toggle","value":true},{"idx":"PlayerESP","type":"Toggle","value":true},{"idx":"DoorReach","type":"Toggle","value":true},{"idx":"NotifyHideTime","type":"Toggle","value":true},{"idx":"AntiLag","type":"Toggle","value":false},{"idx":"SpeedBypass","type":"Toggle","value":true},{"idx":"AntiHearing","type":"Toggle","value":true},{"idx":"ESPHighlight","type":"Toggle","value":true},{"idx":"NotifyEntityMessage","type":"Input","text":"has spawned!"},{"idx":"ObjectiveEspColor","type":"ColorPicker","transparency":0,"value":"00ff00"},{"idx":"MenuKeybind","type":"KeyPicker","key":"RightShift","mode":"Toggle"},{"idx":"FlySpeed","type":"Slider","value":"50.3"},{"idx":"ItemEspColor","type":"ColorPicker","transparency":0,"value":"ff00ff"},{"idx":"WalkSpeed","type":"Slider","value":"30"},{"idx":"ChestEspColor","type":"ColorPicker","transparency":0,"value":"ffff00"},{"idx":"MaxSlopeAngle","type":"Slider","value":"45"},{"idx":"NoclipKey","type":"KeyPicker","key":"G","mode":"Toggle"},{"idx":"PromptReachMultiplier","type":"Slider","value":"2"},{"idx":"ESPFillTransparency","type":"Slider","value":"0.75"},{"idx":"EntityEspColor","type":"ColorPicker","transparency":0,"value":"ff0000"},{"idx":"ThirdPersonKey","type":"KeyPicker","key":"T","mode":"Toggle"},{"idx":"ESPTracerStart","type":"Dropdown","mutli":false,"value":"Bottom"},{"idx":"NotifySide","type":"Dropdown","mutli":false,"value":"Right"},{"idx":"LadderSpeed","type":"Slider","value":"30"},{"idx":"ESPTextSize","type":"Slider","value":"22"},{"idx":"FlyKey","type":"KeyPicker","key":"F","mode":"Toggle"},{"idx":"SpeedBypassDelay","type":"Slider","value":"0.25"},{"idx":"Brightness","type":"Slider","value":"3"},{"idx":"PlayerEspColor","type":"ColorPicker","transparency":0,"value":"ffffff"},{"idx":"GuidingLightEspColor","type":"ColorPicker","transparency":0,"value":"0080ff"},{"idx":"NotifyStyle","type":"Dropdown","mutli":false,"value":"Doors"},{"idx":"HidingTransparency","type":"Slider","value":"0.5"},{"idx":"DoorEspColor","type":"ColorPicker","transparency":0,"value":"00ffff"},{"idx":"ESPArrowCenterOffset","type":"Slider","value":"300"},{"idx":"SpamOtherTools","type":"KeyPicker","key":"X","mode":"Hold"},{"idx":"HidingSpotEspColor","type":"ColorPicker","transparency":0,"value":"008000"},{"idx":"AutoWardrobeKey","type":"KeyPicker","key":"Q","mode":"Toggle"},{"idx":"FOV","type":"Slider","value":"90"},{"idx":"NotifyEntity","type":"Dropdown","mutli":true,"value":{"Ambush":true,"Rush":true}},{"idx":"GoldEspColor","type":"ColorPicker","transparency":0,"value":"ffff00"},{"idx":"ESPOutlineTransparency","type":"Slider","value":"0"},{"idx":"AutoInteractKey","type":"KeyPicker","key":"R","mode":"Hold"},{"idx":"AutoInteractIgnore","type":"Dropdown","mutli":true,"value":{"Jeff Items":true}}]}