{"objects":[{"idx":"ESPArrow","type":"Toggle","value":true},{"idx":"NoGlitchEffect","type":"Toggle","value":true},{"idx":"NoCutscenes","type":"Toggle","value":false},{"idx":"ESPDistance","type":"Toggle","value":true},{"idx":"sososomuchmorphssss_FigureSGE","type":"Toggle","value":false},{"idx":"FakeRevive","type":"Toggle","value":false},{"idx":"GoldESP","type":"Toggle","value":true},{"idx":"NoFog","type":"Toggle","value":true},{"idx":"TplayAddon_Stun","type":"Toggle","value":false},{"idx":"AutoWardrobe","type":"Toggle","value":false},{"idx":"AutoWardrobeNotif","type":"Toggle","value":false},{"idx":"NotifyOxygen","type":"Toggle","value":true},{"idx":"AutoInteract","type":"Toggle","value":true},{"idx":"AntiDread","type":"Toggle","value":true},{"idx":"StupidAddon_FigGodMod","type":"Toggle","value":false},{"idx":"InstaInteract","type":"Toggle","value":true},{"idx":"NoJammin","type":"Toggle","value":false},{"idx":"AutoLibrarySolver","type":"Toggle","value":true},{"idx":"NoAccel","type":"Toggle","value":false},{"idx":"FastClosetExit","type":"Toggle","value":true},{"idx":"AntiEyes","type":"Toggle","value":true},{"idx":"AutoBreakerSolver","type":"Toggle","value":true},{"idx":"Fly","type":"Toggle","value":false},{"idx":"ThirdPerson","type":"Toggle","value":false},{"idx":"ESPTracer","type":"Toggle","value":true},{"idx":"ItemESP","type":"Toggle","value":true},{"idx":"AutoHeartbeat","type":"Toggle","value":false},{"idx":"AntiHalt","type":"Toggle","value":true},{"idx":"SpamOtherTools","type":"Toggle","value":false},{"idx":"UpsideDown","type":"Toggle","value":false},{"idx":"AntiSeekObstructions","type":"Toggle","value":true},{"idx":"ESPRainbow","type":"Toggle","value":false},{"idx":"TranslucentHidingSpot","type":"Toggle","value":true},{"idx":"TplayAddon_NoWardrobeVignette","type":"Toggle","value":false},{"idx":"EntityESP","type":"Toggle","value":true},{"idx":"HidingSpotESP","type":"Toggle","value":false},{"idx":"AntiSnare","type":"Toggle","value":true},{"idx":"NoCamBob","type":"Toggle","value":false},{"idx":"Fullbright","type":"Toggle","value":true},{"idx":"SpeedBypass","type":"Toggle","value":true},{"idx":"NoCamShake","type":"Toggle","value":false},{"idx":"AnticheatManipulation","type":"Toggle","value":false},{"idx":"SpeedrunTimer_Timer","type":"Toggle","value":false},{"idx":"TplayAddon_NoDarkSound","type":"Toggle","value":false},{"idx":"Noclip","type":"Toggle","value":false},{"idx":"TplayAddon_ThinkingAnimation","type":"Toggle","value":false},{"idx":"TplayAddon_NoAnimation","type":"Toggle","value":false},{"idx":"ShowCustomCursor","type":"Toggle","value":false},{"idx":"NotifyHideTime","type":"Toggle","value":true},{"idx":"ExecuteOnTeleport","type":"Toggle","value":true},{"idx":"AntiA90","type":"Toggle","value":false},{"idx":"NoVoiceActing","type":"Toggle","value":false},{"idx":"AntiScreech","type":"Toggle","value":true},{"idx":"KnobFarm","type":"Toggle","value":false},{"idx":"PromptClip","type":"Toggle","value":true},{"idx":"GuidingLightESP","type":"Toggle","value":true},{"idx":"AvoidRushAmbush","type":"Toggle","value":false},{"idx":"DeleteSeek","type":"Toggle","value":true},{"idx":"InfCrucifix","type":"Toggle","value":false},{"idx":"NotifyChat","type":"Toggle","value":true},{"idx":"InfItems","type":"Toggle","value":true},{"idx":"DoorESP","type":"Toggle","value":true},{"idx":"EnableSpeedHack","type":"Toggle","value":true},{"idx":"CollisionOffsetGodmode","type":"Toggle","value":true},{"idx":"Twerk","type":"Toggle","value":false},{"idx":"ObjectiveESP","type":"Toggle","value":true},{"idx":"NoSpiderJumpscare","type":"Toggle","value":true},{"idx":"NoVoidEffect","type":"Toggle","value":true},{"idx":"NotifyPadlock","type":"Toggle","value":true},{"idx":"EnableJump","type":"Toggle","value":true},{"idx":"NotifySound","type":"Toggle","value":true},{"idx":"KeybindMenuOpen","type":"Toggle","value":true},{"idx":"PlayerESP","type":"Toggle","value":true},{"idx":"DoorReach","type":"Toggle","value":true},{"idx":"AntiLag","type":"Toggle","value":false},{"idx":"AntiDupe","type":"Toggle","value":true},{"idx":"ChestESP","type":"Toggle","value":true},{"idx":"AntiHearing","type":"Toggle","value":true},{"idx":"ESPHighlight","type":"Toggle","value":true},{"idx":"HidingSpotEspColor","type":"ColorPicker","transparency":0,"value":"008000"},{"idx":"AutoInteractIgnore","type":"Dropdown","mutli":true,"value":{"Jeff Items":true}},{"idx":"MenuKeybind","type":"KeyPicker","key":"RightShift","mode":"Toggle"},{"idx":"AnticheatManipulationKey","type":"KeyPicker","key":"T","mode":"Hold"},{"idx":"FlySpeed","type":"Slider","value":"50.3"},{"idx":"ItemEspColor","type":"ColorPicker","transparency":0,"value":"ff00ff"},{"idx":"WalkSpeed","type":"Slider","value":"40"},{"idx":"ChestEspColor","type":"ColorPicker","transparency":0,"value":"ffff00"},{"idx":"JumpBoost","type":"Slider","value":"5"},{"idx":"NoclipKey","type":"KeyPicker","key":"G","mode":"Toggle"},{"idx":"plushies_CustomToolInput","type":"Input","text":""},{"idx":"PromptReachMultiplier","type":"Slider","value":"2"},{"idx":"ESPFillTransparency","type":"Slider","value":"0.75"},{"idx":"CaptionStyle","type":"Dropdown","mutli":false,"value":"Linoria"},{"idx":"EntityEspColor","type":"ColorPicker","transparency":0,"value":"ff0000"},{"idx":"NotifyEntity","type":"Dropdown","mutli":true,"value":{"Ambush":true,"Rush":true}},{"idx":"NotifyVolume","type":"Slider","value":"2"},{"idx":"ESPArrowCenterOffset","type":"Slider","value":"300"},{"idx":"Brightness","type":"Slider","value":"3"},{"idx":"AutoWardrobeKey","type":"KeyPicker","key":"Q","mode":"Toggle"},{"idx":"AutoLibraryDistance","type":"Slider","value":"40"},{"idx":"ESPTextSize","type":"Slider","value":"26"},{"idx":"AutoBreakerSolverMethod","type":"Dropdown","mutli":false,"value":"Legit"},{"idx":"FlyKey","type":"KeyPicker","key":"F","mode":"Toggle"},{"idx":"SpeedBypassDelay","type":"Slider","value":"0.235"},{"idx":"ESPOutlineTransparency","type":"Slider","value":"0"},{"idx":"PlayerEspColor","type":"ColorPicker","transparency":0,"value":"ffffff"},{"idx":"GuidingLightEspColor","type":"ColorPicker","transparency":0,"value":"0080ff"},{"idx":"NotifyStyle","type":"Dropdown","mutli":false,"value":"Doors"},{"idx":"HidingTransparency","type":"Slider","value":"0.5"},{"idx":"DoorEspColor","type":"ColorPicker","transparency":0,"value":"00ffff"},{"idx":"ThirdPersonKey","type":"KeyPicker","key":"T","mode":"Toggle"},{"idx":"SpamOtherTools","type":"KeyPicker","key":"X","mode":"Hold"},{"idx":"NotifySide","type":"Dropdown","mutli":false,"value":"Right"},{"idx":"NotifyEntityMessage","type":"Input","text":"has spawned!"},{"idx":"FOV","type":"Slider","value":"90"},{"idx":"ESPTracerStart","type":"Dropdown","mutli":false,"value":"Bottom"},{"idx":"GoldEspColor","type":"ColorPicker","transparency":0,"value":"ffff00"},{"idx":"LadderSpeed","type":"Slider","value":"30"},{"idx":"AutoInteractKey","type":"KeyPicker","key":"R","mode":"Hold"},{"idx":"ObjectiveEspColor","type":"ColorPicker","transparency":0,"value":"00ff00"}]}