{"objects":[{"idx":"ESPArrow","type":"Toggle","value":false},{"idx":"ESPTeamColor","type":"Toggle","value":false},{"idx":"ESPDistance","type":"Toggle","value":true},{"idx":"sososomuchmorphssss_FigureSGE","type":"Toggle","value":false},{"idx":"EnableAimbot","type":"Toggle","value":true},{"idx":"Fly","type":"Toggle","value":true},{"idx":"NoFog","type":"Toggle","value":true},{"idx":"AimbotTeam","type":"Toggle","value":true},{"idx":"ESPTracer","type":"Toggle","value":false},{"idx":"AntiLag","type":"Toggle","value":false},{"idx":"ShowCustomCursor","type":"Toggle","value":false},{"idx":"ExecuteOnTeleport","type":"Toggle","value":false},{"idx":"Fullbright","type":"Toggle","value":true},{"idx":"JumpPowerHack","type":"Toggle","value":false},{"idx":"AimbotSmooth","type":"Toggle","value":false},{"idx":"SpeedHack","type":"Toggle","value":true},{"idx":"KeybindMenuOpen","type":"Toggle","value":true},{"idx":"PlayerESP","type":"Toggle","value":true},{"idx":"DisableRobloxVoid","type":"Toggle","value":true},{"idx":"AimbotWall","type":"Toggle","value":true},{"idx":"InstaInteract","type":"Toggle","value":true},{"idx":"Noclip","type":"Toggle","value":false},{"idx":"ESPRainbow","type":"Toggle","value":false},{"idx":"ESPHighlight","type":"Toggle","value":true},{"idx":"ESPArrowCenterOffset","type":"Slider","value":"300"},{"idx":"AimbotTargetPart","type":"Dropdown","mutli":false,"value":"Head"},{"idx":"MenuKeybind","type":"KeyPicker","key":"RightShift","mode":"Toggle"},{"idx":"EnableAimbotKey","type":"KeyPicker","key":"MB2","mode":"Hold"},{"idx":"AimbotSmoothness","type":"Slider","value":"35"},{"idx":"FlySpeed","type":"Slider","value":"40"},{"idx":"FlyKey","type":"KeyPicker","key":"F","mode":"Toggle"},{"idx":"ESPOutlineTransparency","type":"Slider","value":"0"},{"idx":"WalkSpeed","type":"Slider","value":"40"},{"idx":"PlayerEspColor","type":"ColorPicker","transparency":0,"value":"ffffff"},{"idx":"plushies_CustomToolInput","type":"Input","text":""},{"idx":"NoclipKey","type":"KeyPicker","key":"N","mode":"Toggle"},{"idx":"JumpPower","type":"Slider","value":"50"},{"idx":"ESPTracerStart","type":"Dropdown","mutli":false,"value":"Bottom"},{"idx":"ESPTextSize","type":"Slider","value":"22"},{"idx":"AimbotClosestMethod","type":"Dropdown","mutli":false,"value":"Mouse"},{"idx":"ESPFillTransparency","type":"Slider","value":"0.75"}]}